District ID,id,Pop20,DHouseholds,DTotal_Income,DArea,DSumAge,DTotal_Rent,DTotalCom,D20Minus,D20to40,D40to65,D65Plus,D0_25k,D25k_50k,D50k_100k,D100k_200k,D200kPlus,DGINI,DOc,DOcOth,DOc1Det,DOc1Att,DOc2_10,DOc10_50,DOc50_Plus,DWhite,DBlack,DNative,DAsian,DPacific,DOther,DMultiracial,DLatino,DVAP,DWhiteVAP,DBlackVAP,DNativeVAP,DAsianVAP,DPacificVAP,DOtherVAP,DMultiracialVAP,DLatinoVAP,DPop10,D10White,D10Black,D10Native,D10Asian,D10Pacific,D10Other,D10Multiracial,D10Latino,D10PCI,D00PCI,DPop00,D00White,D00Black,D00Native,D00Asian,D00Pacific,D00Other,D00Multiracial,D00Latino,DPop90,D90White,D90Black,D90Native,D90Asian,D90Other,D90Latino,D5_or_older,DEnglishOnly,DLimitedEnglish,DSpanish,DIndoEuropean,DAsianPacific,DOtherLanguage,D25_or_older,DHighschool,DBachelors,DGraduate,DNonInstit,DInsured,DUninsured,DMale,DFemale,DVeteran,DWorker_16_up,DCCar,DCTransit,DCWalk,DCBike,DCOther,DIAgri,DIConst,DIMfg,DIWholesale,DIRetail,DITrans,DIInfo,DIProf,DIEdu,DIArts,DIOther,DIPa,DIArmy,DinState,DoutState,DinCounty,DoutCounty,D16_up,DInLF,DUnemployed,DPopPov,DPoverty,DOHousing,DOwner,DRenter,DA_All,DA_Oth,DA_SouthAsia,DA_China,DA_SEasia,DA_Viet,DA_Filipino,DA_Japan,DA_Korea,DE_All,DE_Oth,DE_Germ,DE_USA,DE_Ire,DE_Brit,DE_Italy,DE_Scand,DE_Dutch,DE_Fr,DE_EastEuro,DE_Portug,DE_Czech,DE_Brazil,DE_Arab,DE_Polish,DE_Iran,DE_Balkan,DE_Hungary,DE_Greek,DF_All,DF_African,DF_Carib,DF_AA,DL_All,DL_Oth,DL_Mex,DL_PR,DL_Cuba,DL_Domin,DL_CA,DL_SA,DL_Spain,DUSBorn,DInStateB,DOutStateB,DForeignBorn,DForeignC,DForeignNC,DStSpouse,DGaySpouse,DStPartner,DGayPartner,DCapitaIncome,G22GovD,G22GovR,G22SosD,G22SosR,G22AgD,G22AgR,G22SenO,G22SenR,G22SenD,G22TreD,G22TreR,G22CorD,G22CorR,G20SenR,G20SenD,G20PreR,G20PreD,G20PreO,G20Ref207N,G20Ref207Y,G20Ref208N,G20Ref208Y,G18SosO,G18AgO,G18TreO,G18SpiO,G18MinO,G18MinD,G18MinR,G18SenR,G18SenD,G18GovR,G18GovD,G18SosR,G18SosD,G18AgR,G18AgD,G18TreR,G18TreD,G18SpiR,G18SpiD,G18SenO,G18GovO,G16PreR,G16PreD,G16SenR,G16SenD,G16PreO,G16SenO,G12SenR,G12SenD,G12PreD,G12PreR,G10TreD,G10TreR,G10TreO,G10SenD,G10SenR,G10SenO,G10AgD,G10AgO,G10AgR,G10SosD,G10SosR,G10SosO,G10SpiD,G10SpiR,G10SpiO,G10GovD,G10GovR,G10GovO,G08PreD,G08PreR,G08PreO,G24GuessD,G24GuessR,G28GuessD,G28GuessR,name,G22SpiD,G22SpiR,DCivilian,COUNTYFP,cntyName,cntyName2,GBuildD,GBuildR,districtId,countyFP
1,Phoenix Latinos,1,876075,263047,17618658436,589241,27864175,287663587,10666829,296865,273466,240342,65420,53132,71378,88205,43292,6875,340492,280433,13575,176497,9149,38913,23870,17495,255007,87370,26305,22606,2464,306594,175729,583687,608845,191871,59897,18505,17234,1719,204181,115438,382371,787057,395315,67086,18618,17222,1848,253653,32311,531104,13888662174,12436884258,673607,365180,48932,15176,9217,1106,202854,27099,395973,514341,352627,42840,10461,7761,97057,178889,806612,363299,159813,410226,7149,10941,14287,505954,359451,67062,21292,867062,689293,177567,444004,432071,26733,384690,356958,11018,5426,1890,8153,2610,47875,31273,8701,48330,27600,32873,48425,62757,39667,19584,13225,635,383146,1296,380446,3883,642059,419357,42607,857871,185583,263047,134492,128656,24685,2968,3057,2771,1557,4506,6397,1268,884,61932,3955,9593,14355,7239,8970,3525,1774,431,1216,836,134,181,99,1987,1081,1125,983,241,95,532371,11739,896,519452,584249,18244,531936,5653,2918,1203,18377,2497,2132,653859,425579,216955,222217,69567,152709,104581,1228,27354,1019,18357984344,95881,37808,97552,34052,93525,36563,2883,33354,97690,89241,41016,163591,67458,58097,166912,61060,162611,3321,70640,147668,73773,143051,32,53,22,70,39,98504,35834,32590,104182,44634,92649,35711,103147,37992,100360,40550,96592,34100,103194,5839,4859,41392,116100,57026,99664,12597,9739,35326,97109,99547,41343,55269,26896,6692,50126,35737,5253,61183,41,28582,56738,32145,4,58968,29862,12,59475,29873,2621,81881,48132,1662,154918,68753,147381,76290,Phoenix Latinos,809572,738705,3373188,013,Maricopa County,Maricopa,NaN,NaN,1,013
2,Phoenix Prosperity,2,197066,78934,15938091690,3192961,9018861,169411204,2367004,42510,28318,77388,48812,5475,7220,14727,25876,25602,87897,91931,606,77651,4418,2611,1885,4305,164356,2776,662,11507,154,3045,14566,13808,159231,136342,2161,466,8660,107,2377,9118,9489,170506,155256,1878,414,6920,77,1692,3158,8954,12537436538,9605303580,115157,108764,866,217,2010,32,798,1136,3682,42369,41361,104,69,364,151,850,189744,167462,4264,6375,9332,4379,1583,148021,144880,93624,41508,196743,189268,7395,97801,99265,11877,91098,88381,135,887,69,986,369,3786,6143,2713,9165,3225,15927,15963,19532,7135,3300,2454,24,88954,1896,88485,2377,164387,95836,5530,196590,8770,78934,67898,11063,15416,563,6957,2552,373,689,1817,435,1148,65995,5421,11902,8229,6546,10536,5680,3241,456,932,3286,155,857,70,1541,1983,654,1545,222,326,25345,517,154,24609,13510,1101,8327,1139,143,22,421,1139,418,175272,49652,122812,21794,15334,6388,53147,333,3228,101,15970023549,47916,66497,50009,62581,46292,65577,1084,64324,49196,37378,73527,78816,129196,79744,54138,78779,54608,844,61071,69852,80330,50039,4,14,6,8,14,34285,60856,60606,40758,69265,31712,61045,38936,63618,36207,65729,32775,58544,39298,806,748,61619,38188,70064,29648,5583,3855,60505,30678,29715,65520,19831,47113,2956,16415,52575,3425,26703,6,44321,19435,50670,2,21190,48546,2,23965,47159,1587,32098,59413,785,55524,77863,56396,76991,Phoenix Prosperity,809572,738705,3373188,013,Maricopa County,Maricopa,NaN,NaN,2,013
3,Phoenix Retirees,3,172932,94508,7683397522,186647,10891363,85208820,1153677,12378,13042,38834,108442,16154,21774,31856,19486,5132,70049,113958,4399,83623,12905,4102,2841,5505,150906,4026,726,5477,138,3015,8644,10361,161604,144390,3388,570,4247,112,2418,6479,7887,151385,142302,2694,487,2494,75,1589,1536,6515,6203453285,5441385693,118895,115552,939,160,680,31,563,578,2212,71556,70986,115,48,61,109,420,170359,156874,3313,5444,4391,2199,939,157989,150896,58523,23802,172081,167521,4477,78039,94891,27148,42091,40421,103,142,98,910,55,1763,3056,947,5464,2242,5042,5486,9804,3128,2004,1417,7,41054,842,40632,1195,163143,45208,7526,172005,12980,94508,78891,15577,6341,174,2520,976,52,220,896,459,454,69200,3612,14391,7329,7607,13249,5064,5689,786,1639,1756,34,599,0,554,3664,10,718,425,197,21376,331,4,21016,11528,1010,7546,797,339,32,181,588,306,159636,21099,136841,13296,8404,4795,48403,313,2991,210,7740509470,45898,58701,48774,54616,44702,58034,1944,55903,47360,36700,65610,77995,114576,66560,48340,67374,47032,520,60281,51723,65108,46707,4,15,8,8,14,32907,56650,54286,39005,66284,26861,56477,37160,58857,33933,59909,32040,54454,37270,1663,1692,57482,34345,57886,31305,4291,5360,52493,33332,31473,58676,26204,47565,3639,23116,51637,4421,33720,38,44232,25360,52046,7,27138,50081,12,26535,51743,1419,35502,57360,1677,48616,65790,50196,64210,Phoenix Retirees,809572,738705,3373188,013,Maricopa County,Maricopa,NaN,NaN,3,013
4,Phoenix Middle Class,4,1780158,705917,80978923871,2146266,67519550,1092007550,23322723,444512,514613,572052,249059,78374,108801,211164,214962,92367,707200,774855,14890,484500,47475,78219,70279,77578,1216952,84593,33395,117576,4177,115393,208072,334406,1388492,983716,63619,24360,92861,3032,84853,136051,230824,1500998,1189488,61315,27049,70801,2897,96927,49118,268075,61387627356,51028407340,1201527,994189,32562,18479,33286,1335,83158,30144,190130,786246,699769,15642,12141,14956,37326,86274,1680246,1375977,79940,168914,54745,58334,20370,1220310,1154230,573673,218995,1776641,1643488,132550,888408,891738,92543,938410,888624,11175,14562,6704,13577,3073,50587,76318,22779,97545,44892,134777,138909,207710,85630,38979,33581,731,928255,9021,916394,21271,1427801,993682,59864,1761694,150852,705917,448425,257321,151958,4792,48411,30533,6023,11633,25434,11046,9052,432877,43665,69214,61034,45779,76102,33732,24653,4656,7748,13385,887,3300,489,7531,13712,2900,8408,1624,2584,445592,9618,2012,433079,341775,18292,277046,11420,3277,1094,10009,9332,6633,1568270,643168,899190,211875,107619,104058,333579,3608,49821,3001,82134028114,391431,356501,399969,333012,379368,351709,13397,338295,400493,326560,397726,665451,683123,464450,499692,464724,492927,15499,361798,582871,447637,489879,89,206,65,241,234,311092,330656,321376,354434,378374,295294,328432,343481,346747,323090,360837,299948,313164,346337,13305,12396,348086,329975,403778,279181,57874,37423,326065,276070,277167,356844,170824,240129,29094,144647,282645,30257,214164,220,233510,171578,269155,103,187980,253837,129,195172,250540,16420,285215,349565,10433,501074,456577,509224,448427,Phoenix Middle Class,809572,738705,3373188,013,Maricopa County,Maricopa,NaN,NaN,4,013
4,Phoenix Middle Class,4,6448,3188,410099814,23839,390842,3901906,61666,420,442,2070,3519,272,571,839,1091,418,2999,4303,151,3781,243,108,0,4,5927,40,26,59,2,81,313,318,6192,5746,40,16,56,2,66,266,262,6460,6156,71,10,59,5,67,88,279,337693119,191886024,3593,3513,8,6,5,2,8,15,54,605,586,0,0,0,0,13,6399,6255,45,65,30,5,0,5985,5622,2728,916,6448,6202,246,2923,3525,1023,1929,1829,29,5,0,31,0,175,258,0,190,36,229,246,476,128,17,143,0,1843,76,946,987,6186,2050,279,6439,279,3188,3126,60,9,0,0,0,0,0,5,0,0,2584,180,532,221,364,472,173,306,67,45,80,0,0,0,0,71,0,0,18,0,454,0,0,454,407,0,391,0,0,0,0,0,4,6177,822,5312,271,176,82,2105,4,177,5,410331376,1594,2510,1667,2416,1571,2494,71,2430,1640,1278,2783,2642,4839,2674,1613,2671,1588,34,2149,2007,2630,1569,0,6,0,0,0,1141,2306,2234,1344,2595,962,2284,1291,2366,1171,2395,1106,2224,1317,44,43,2317,1227,2282,1130,160,223,2310,1286,1229,2497,965,2044,153,868,2162,178,1229,0,1915,972,2169,0,1048,2091,0,1010,2161,74,1447,2491,48,1609,2650,1630,2629,Phoenix Middle Class,62008,83147,329322,021,Pinal County,Pinal,NaN,NaN,4,021
5,Phoenix Working Class,5,1279846,480958,38789805899,1532827,48025207,596525093,16993168,333753,369715,391905,184490,73363,107432,165813,113140,20730,480852,526810,51225,321166,24969,49997,44063,33807,785931,77704,28244,45097,3867,158961,180042,379129,976550,633294,56202,20095,36170,2765,111223,116801,252159,1116036,839825,53362,21073,32281,2521,123910,41430,289943,32530748304,28891750164,904875,750967,26350,12013,17504,1149,66222,24403,153980,661848,600481,11059,5078,9349,30804,64935,1198336,919387,83964,210005,27222,25367,14891,859603,767414,217872,72206,1269261,1131103,137627,629447,650390,83415,622511,592522,7905,7505,1928,9979,2023,47194,42412,13913,84160,39875,69963,73413,130085,57835,28665,26454,4078,617739,4188,612003,9793,1011189,668966,55166,1266104,150464,480958,298913,182078,64530,3021,9990,9976,3752,8818,17659,4091,3747,275998,21903,50932,45775,33539,42822,17532,13489,3176,6379,4355,947,1319,663,5930,7962,975,7875,1194,775,391862,7059,2164,382149,391106,22084,324271,11531,4858,1123,12593,6954,4383,1124911,512708,592170,154944,73799,80883,214889,1987,40526,1466,39627151927,194204,205100,201262,191468,188395,201451,10904,191876,199307,165625,222665,330073,381425,282938,276105,290680,265147,10993,211640,336391,262000,281464,72,206,67,187,110,163819,190848,183676,182402,218825,147350,190451,178672,198986,167894,206511,157141,182094,179950,12386,11214,217259,173470,232746,152825,35290,30702,185818,156163,155226,210209,96023,137414,20813,79841,163379,19753,118566,175,138653,95750,158687,77,105564,148407,77,103896,150886,11036,158792,215849,7640,271413,284414,277829,277998,Phoenix Working Class,809572,738705,3373188,013,Maricopa County,Maricopa,NaN,NaN,5,013
5,Phoenix Working Class,5,157865,57768,4841073048,459318,6252678,69033952,2311317,42360,37759,47395,30361,7859,11558,20504,15430,2286,58536,68269,14725,50145,480,1556,800,301,116304,5737,1996,2583,435,12479,18331,34152,116972,89678,4061,1368,2037,295,8431,11102,21045,132817,109839,4556,1381,2064,249,9698,4507,26058,3701904336,1376226406,45964,42012,197,322,178,26,1757,709,4444,24987,24088,52,109,49,348,1485,148671,127607,5934,16585,1242,1939,988,107566,98017,23782,7053,157710,144114,13580,76839,81026,12682,65533,63587,69,318,180,1007,479,5872,4938,1318,8930,3887,6913,7800,14128,4975,2637,2840,38,64567,854,24743,40812,123463,71296,7381,157385,14389,57768,46436,11331,4553,150,303,479,564,185,1571,574,425,37502,2193,8593,5775,4242,7009,2419,2963,313,517,256,117,133,1,125,977,4,160,134,123,31555,54,263,31223,34682,1576,29321,1263,121,123,796,391,677,145943,57182,86576,11922,6647,5159,32737,106,3996,157,4916182604,20244,34399,21090,32749,19855,33799,1601,32582,20900,17106,36420,33304,60799,44367,27351,45758,25587,1367,29309,40878,40012,30003,10,24,4,2,8,14938,26213,25016,16516,28977,12576,26007,16101,26750,15073,27064,14298,25364,16457,1341,1152,29498,14973,28961,14277,3824,3992,21174,14297,13956,23756,8535,14141,2168,7127,16196,1922,9948,0,14846,8431,16213,0,9200,15524,0,8571,16007,1216,14286,21687,309,25445,45900,25309,46036,Phoenix Working Class,62008,83147,329322,021,Pinal County,Pinal,NaN,NaN,5,021
6,Native Tribes,6,48978,14127,573444644,20781704,1762619,3247262,378417,15161,13058,14385,6337,6496,3357,2627,910,38,25552,19830,3979,14152,32,1270,0,9,1208,112,46391,247,14,153,853,805,35802,1134,98,33724,214,14,131,487,481,54171,1553,61,51405,128,16,101,851,1043,648349910,672068002,53736,1510,31,51123,33,7,106,389,496,47068,1462,41,44973,30,71,322,46073,14873,9400,139,67,169,30190,30573,24432,3050,920,48910,32780,16082,23801,25177,979,12712,11624,68,494,2,49,60,752,94,5,576,460,290,232,6006,815,64,1159,0,10759,1712,9810,2698,37047,14276,3584,48335,19055,14127,11147,2771,226,0,11,21,0,23,133,1,0,290,6,35,60,22,87,1,3,0,2,0,0,0,0,0,2,0,0,0,0,46698,24,45,46577,727,48,481,27,0,0,0,0,2,48648,39001,9442,330,43,257,4210,0,471,2,713002844,16177,2515,15747,2672,16275,2244,201,2020,16399,15238,3297,24219,4013,3638,22215,3718,21672,210,12939,11341,8255,16069,4,2,0,4,0,15259,2493,2378,14782,3228,13933,2311,15514,2737,14990,2917,14836,2275,15464,815,812,1978,15877,2615,16985,2018,521,2307,14928,15776,2328,11928,1583,739,10703,3308,483,11644,0,2588,13315,1196,0,12543,1758,0,11616,2363,434,13808,3162,65,20218,5172,18811,6579,Native Tribes,18005,9016,48581,001,Apache County,Apache,NaN,NaN,6,001
6,Native Tribes,6,23134,6771,389142355,21344769,830236,2323091,219113,6809,6371,6934,3008,2113,1572,1778,929,97,10636,8719,2280,5927,29,363,30,1,430,50,21935,129,11,77,502,362,16626,369,47,15760,105,7,68,270,214,25150,633,43,23903,68,3,70,400,627,396709735,351703294,24492,705,9,23305,14,1,48,177,311,20741,764,12,19717,28,22,118,21473,8467,3074,63,3,19,12794,14200,10787,1590,748,23134,18828,4306,11048,12086,435,7374,6744,92,408,4,8,22,854,158,17,636,265,41,201,2629,1079,124,464,0,6871,423,6251,1124,17606,8851,2815,23112,6488,6771,5098,1553,30,1,0,1,0,0,7,0,17,194,6,44,30,31,37,1,6,2,4,0,0,0,0,0,0,0,0,0,0,20271,93,0,20173,677,20,526,1,1,0,0,0,72,22976,20750,2163,158,122,26,2441,0,355,1,401057972,6584,1482,6587,1373,6783,1185,135,1068,6850,6345,1636,10679,2058,2101,9754,2140,9542,198,5730,5397,4310,6888,0,0,0,0,0,6610,1329,1163,6534,2221,5502,1322,6659,1558,6397,1487,6469,1362,6599,294,290,1286,6498,1423,7181,920,229,1253,6348,6555,1379,4571,857,274,3957,1623,168,4459,0,1267,5273,547,0,4739,1020,0,4438,1214,120,6121,1656,57,8978,2704,8471,3211,Native Tribes,35149,20150,115161,005,Coconino County,Coconino,NaN,NaN,6,005
6,Native Tribes,6,7356,1677,88164447,4746775,222035,478520,42395,2857,2117,1843,529,633,490,201,307,13,3689,1895,331,1472,0,69,4,0,91,3,7096,37,8,35,86,154,4809,67,0,4637,33,8,25,39,78,6948,125,4,6738,1,0,16,50,229,85919799,54551395,6184,228,7,5762,8,0,6,101,122,4768,90,8,4600,0,11,35,6644,4041,371,7,17,0,2550,3960,2887,219,73,7356,6629,723,3563,3793,203,1940,1850,8,40,0,10,152,130,20,92,68,71,79,80,640,229,36,249,0,1934,2,1033,896,4882,2366,825,7346,3451,1677,935,735,55,0,17,0,0,0,17,0,0,14,0,0,0,5,3,0,0,0,0,0,0,0,0,0,0,0,0,0,0,4778,0,0,4775,308,7,277,14,0,0,0,0,0,7339,6743,580,17,0,17,640,0,248,7,87813004,848,153,851,142,857,136,12,127,866,829,170,1384,243,329,1546,301,1542,12,705,968,646,1062,0,0,0,0,0,944,141,140,901,257,813,159,940,202,894,183,920,144,947,46,29,142,1290,265,1096,78,107,141,1350,1364,169,791,121,30,585,328,32,778,0,179,870,87,0,834,117,0,786,172,4,1189,446,0,1382,461,1229,614,Native Tribes,7984,14554,42873,007,Gila County,Gila,NaN,NaN,6,007
6,Native Tribes,6,4720,1062,45904125,4365827,140682,258580,34653,1959,1368,965,420,420,271,302,57,0,2032,1220,104,1062,0,41,0,0,24,4,4638,0,0,6,48,101,2931,22,4,2884,0,0,3,18,44,4768,24,1,4718,0,1,2,20,150,47929026,38318976,4538,32,1,4454,0,0,2,20,107,3605,18,1,3568,0,0,39,4203,2835,217,2,0,0,1359,2488,1885,52,0,4720,3950,770,2223,2497,57,1084,1068,7,0,0,0,105,185,7,0,114,38,0,11,340,124,10,95,0,1084,0,469,617,3144,1454,740,4661,2013,1062,644,411,0,0,0,0,0,0,0,0,0,0,0,0,0,0,0,0,0,0,0,0,0,0,0,0,0,0,0,0,0,2729,0,0,2729,373,0,350,0,0,0,0,0,12,4720,4600,120,0,0,0,420,0,190,6,49659120,480,64,481,48,492,44,5,41,487,470,68,733,80,188,1050,171,1077,2,499,642,519,639,0,0,0,0,2,740,82,83,721,176,610,85,740,107,712,117,707,65,746,34,52,74,953,205,794,60,86,103,931,1007,149,569,79,48,436,251,16,571,0,133,654,48,0,611,72,0,538,152,7,823,246,7,972,276,865,383,Native Tribes,3243,7527,28240,009,Graham County,Graham,NaN,NaN,6,009
6,Native Tribes,6,7039,2899,178594614,985372,260188,1761435,34402,2059,1869,1981,1164,656,807,893,492,5,2882,3350,1222,1814,2,213,5,0,2105,74,2706,47,12,897,1198,2672,4923,1729,60,1723,40,9,640,722,1709,7074,2500,52,2409,41,4,1614,447,2848,138894628,146207607,7318,3326,72,2141,25,7,1293,252,2697,6590,3539,45,2174,42,540,2128,6532,4465,590,1889,1,26,36,4531,3582,432,126,6958,5516,1388,3465,3574,417,2893,2806,0,70,0,0,248,66,39,7,287,66,89,110,533,579,41,500,0,2874,3,2852,32,5338,3232,328,6808,1296,2899,1669,1204,27,0,0,0,0,0,26,0,0,460,0,45,7,37,56,0,1,0,0,0,0,0,0,0,0,0,0,0,0,4717,0,0,4717,3397,85,3134,1,0,0,0,1,2,6079,3722,2289,960,461,496,1246,0,182,0,168238009,709,761,758,707,729,719,21,674,759,654,785,1165,1330,1161,1238,1233,1186,21,894,1478,1177,1136,0,0,0,0,0,751,785,735,771,924,593,792,757,832,711,867,652,739,778,29,21,1010,838,1087,764,214,121,802,893,899,951,594,580,87,489,784,59,691,0,608,653,647,0,681,585,0,656,677,10,886,1060,12,1227,1192,1283,1136,Native Tribes,1711,3814,13860,012,La Paz County,La Paz,NaN,NaN,6,012
6,Native Tribes,6,11152,3425,156841787,1083213,419335,1477639,57095,3356,2915,3035,1859,1238,979,899,225,22,5116,3721,1472,2141,5,51,0,0,1011,43,9231,14,3,321,529,1684,7539,958,43,5957,14,3,246,318,971,10375,1502,30,8153,17,10,230,394,1502,170293079,147516078,9931,1255,20,6668,6,3,1084,707,1404,8161,1273,4,6667,2,73,914,10353,8822,146,448,4,78,985,7190,5202,632,191,11152,8048,3101,5577,5575,535,2999,2789,18,7,0,106,22,203,153,15,337,222,35,129,445,747,56,411,0,2999,0,2921,55,8563,3780,1582,11141,3949,3425,2646,788,141,0,44,19,0,23,21,0,20,732,6,13,6,28,94,1,2,274,2,95,0,9,0,0,0,0,0,0,0,6916,7,0,6901,1661,17,1568,0,53,0,0,0,0,10709,8835,1833,443,328,85,720,0,212,0,175762091,1472,429,1462,377,1432,417,22,372,1475,1344,492,2474,788,720,2473,666,2513,15,939,2138,1027,2000,0,0,0,0,0,1430,506,443,1467,718,1252,497,1495,556,1421,608,1373,482,1481,79,35,588,1719,956,1387,245,165,506,1393,1469,589,718,381,66,591,593,23,795,0,417,822,386,0,786,406,0,794,411,14,1288,769,13,2559,620,2640,539,Native Tribes,809572,738705,3373188,013,Maricopa County,Maricopa,NaN,NaN,6,013
6,Native Tribes,6,1250,337,18781717,1906206,35795,125183,13863,515,363,273,99,98,79,93,63,0,526,385,43,335,0,0,0,0,13,5,1201,4,1,6,20,67,768,10,5,736,4,1,5,7,33,1287,29,5,1225,0,0,3,24,44,18940189,16705638,1305,54,1,1210,0,1,13,7,57,781,6,0,767,0,1,20,1135,859,73,31,0,0,243,643,509,80,12,1229,1060,165,573,678,48,356,246,57,42,0,1,0,31,0,0,1,40,2,27,49,28,0,154,0,351,1,328,27,811,415,109,1229,407,337,155,181,0,0,0,0,0,0,0,0,0,26,0,18,0,0,1,0,0,0,0,0,0,0,0,0,0,0,0,0,0,1095,0,0,1095,161,0,148,8,0,0,0,0,0,1250,1088,160,0,0,0,124,0,25,0,19796250,111,26,124,16,115,21,3,12,117,114,21,171,19,55,231,41,249,2,96,165,110,153,0,0,0,0,0,139,42,32,143,50,130,31,154,38,148,36,149,31,155,12,5,25,194,70,153,12,4,28,188,212,23,82,16,4,70,39,0,86,0,22,99,12,0,92,20,0,82,22,0,119,51,0,233,57,221,69,Native Tribes,21040,60809,177642,015,Mohave County,Mohave,NaN,NaN,6,015
6,Native Tribes,6,61581,19738,1046189005,20557732,2239878,8586391,427938,18884,15542,18531,8566,6984,4527,5023,2531,160,28704,28855,4212,21736,514,1648,163,25,11004,415,45601,250,33,1499,2779,4827,44092,8954,342,31765,195,19,1139,1678,3140,63790,14591,551,44983,344,30,1647,1601,5623,1097596846,989067378,62211,14168,440,44033,157,12,1601,972,4256,53891,13525,395,37614,130,1219,3649,57542,26819,6154,1577,144,261,28259,38642,30619,4626,1762,60172,51140,8944,30753,30828,2484,17953,16437,164,651,15,148,136,915,211,120,1702,940,342,347,6866,1806,256,2045,14,17609,228,15258,2483,46217,20749,5764,59832,19212,19738,13192,6430,343,0,33,18,41,22,34,87,54,3249,112,601,314,278,663,85,178,27,22,21,1,14,0,2,23,0,7,7,0,44815,0,0,44814,5588,485,4569,89,1,0,21,2,124,60886,49432,11103,695,224,331,7448,11,1311,4,1087723464,12466,4075,12589,3807,12621,3642,234,3414,12871,11876,4446,20045,6668,9741,19843,10008,19262,324,14287,14232,13290,15164,2,0,4,0,0,13398,6925,6745,13325,8789,11265,6846,13645,7412,12976,7498,12893,6608,13909,809,691,7218,13825,7395,14529,2068,1090,5392,13176,13656,5751,9789,4138,727,8367,5958,562,10254,0,4549,10680,4245,0,10336,4169,0,9636,5070,329,11842,6695,81,18290,10980,17388,11882,Native Tribes,18723,21688,78754,017,Navajo County,Navajo,NaN,NaN,6,017
6,Native Tribes,6,12165,3374,165843559,10073216,410920,1630005,85569,4217,3330,3013,1576,1226,874,830,375,7,5521,4140,838,3038,26,75,51,0,526,24,10547,0,6,433,629,1746,8392,443,24,7220,0,5,315,385,1115,13008,769,32,11226,30,6,721,209,1996,157395693,143433554,12782,920,14,11334,16,8,257,145,1482,11298,250,15,10680,2,230,974,11410,7291,441,1648,0,27,2399,6891,5184,446,130,12042,10194,1805,5749,6416,347,3720,3341,73,182,0,21,3,215,76,0,283,101,101,213,926,756,112,676,0,3705,4,3601,91,8865,4374,1380,11865,4650,3374,1861,1500,33,0,0,0,0,17,0,10,0,309,9,34,48,88,12,19,3,3,3,0,0,0,0,7,3,0,0,0,0,9886,0,0,9883,2143,80,2013,15,0,0,5,0,0,11866,10673,1079,299,80,205,820,0,238,3,172606924,2338,260,2356,229,2288,273,22,209,2368,2195,361,3779,523,443,3782,345,3907,23,1325,2437,1177,2555,0,2,0,0,0,2570,283,250,2481,503,2249,263,2596,311,2535,359,2461,254,2584,140,126,255,3029,664,2593,166,131,229,2399,2537,260,1543,190,87,1359,418,60,1575,0,278,1696,159,0,1604,220,0,1593,239,23,2370,608,11,3812,440,3725,527,Native Tribes,248230,159636,821500,019,Pima County,Pima,NaN,NaN,6,019
6,Native Tribes,6,9237,2764,136220881,2044255,312088,1057193,66760,2691,3131,2481,939,1140,626,462,458,24,5046,3035,550,2354,54,32,0,0,102,21,8598,6,0,260,250,1073,6151,87,19,5693,5,0,202,145,617,7830,149,15,7092,3,3,160,383,1279,106574558,87522765,7613,304,14,6910,1,0,121,118,553,6379,78,3,6117,0,68,470,8606,6417,349,922,0,11,1231,5498,3920,362,38,8972,6765,2197,4674,4563,206,2783,2671,7,49,0,6,189,257,143,15,221,161,136,129,501,527,7,326,0,2767,4,1912,879,7216,3132,637,8927,3281,2764,1504,1257,0,0,0,0,0,0,0,0,0,388,59,129,25,21,55,0,25,0,24,0,0,0,0,0,0,0,0,0,0,6377,0,0,6375,1908,0,1868,0,17,0,0,0,0,8856,7740,1067,381,37,324,678,16,162,1,143272066,1048,132,1060,115,1038,137,14,94,1064,977,200,1690,224,283,1729,212,1772,11,673,1201,759,1138,0,0,0,0,0,939,150,116,933,260,810,147,952,193,914,201,903,157,946,51,22,128,1240,412,1048,95,49,142,990,1065,156,550,109,35,442,273,9,555,0,152,645,81,0,573,147,0,603,108,4,865,457,2,1695,289,1632,352,Native Tribes,62008,83147,329322,021,Pinal County,Pinal,NaN,NaN,6,021
7,Flagstaff and Sedona,7,102922,38582,3574711085,11621211,3660379,52624340,902041,27897,34370,27466,13079,6631,7202,12276,9194,2923,44972,52353,4087,31293,3464,7384,4007,1892,70944,1706,10507,2265,223,6548,10729,18682,84488,60505,1523,7577,1985,187,5106,7605,13860,90726,69053,1388,9515,1414,124,6000,2933,15080,2757786944,2369326534,74387,59542,859,6486,596,42,3683,1718,10092,59920,48740,1026,5068,532,3433,7664,98268,83401,3024,7626,1478,1245,4145,61424,58512,30297,12288,102305,93327,8940,52015,50907,5356,50969,44987,719,3532,910,526,491,2773,4543,426,5973,2017,2495,4664,14481,7399,1838,2893,11,50536,338,48167,2715,86271,55852,5721,92639,12506,38582,21790,16636,4519,255,554,1069,113,110,1159,504,423,26842,3325,4283,4636,3289,4094,1449,1418,217,374,842,122,249,0,88,902,128,119,39,41,25804,74,60,25613,17415,1986,12318,326,276,0,603,651,889,97357,44915,51308,5565,2483,2962,16488,118,4157,104,3603696281,25249,14436,25268,13666,24741,14222,906,13429,25671,22695,15931,44923,26534,19560,32383,19231,31908,1217,15353,35881,18539,32396,5,20,2,10,17,23612,14726,14251,25215,16185,23181,14605,24929,15109,24134,15767,22996,13746,25168,1339,1104,15512,23687,18375,22253,4652,2591,14233,19823,20173,15555,13015,10954,2239,11633,13950,1876,15216,0,11136,14055,12417,0,14663,11456,0,14458,12216,1071,22420,16252,497,31938,19201,31966,19173,Flagstaff and Sedona,35149,20150,115161,005,Coconino County,Coconino,NaN,NaN,7,005
7,Flagstaff and Sedona,7,83886,39782,3415914172,4088359,4378245,42394193,631641,12202,12196,26715,32780,6724,8781,13542,7684,3034,36329,48215,4127,34832,2244,3914,1442,1414,72229,537,970,1344,79,2274,6453,7708,74621,65455,465,766,1206,60,1802,4867,5727,74049,68419,393,773,791,75,1850,1495,6468,2953588961,2376768127,61930,57838,185,575,331,26,1370,813,4228,46475,44655,125,454,163,657,2447,81946,75128,1872,4285,1414,571,114,68194,64723,27618,12196,83547,75566,7908,40614,43270,10496,30836,28530,7,1380,134,561,126,2555,1123,223,4609,1053,2594,4168,7160,3007,1872,1335,12,30481,264,28180,2553,74720,33080,3818,81992,8761,39782,29137,10617,1940,37,198,428,183,111,335,246,190,28225,2033,6184,2608,3621,6637,1495,1315,402,738,591,29,243,24,34,693,0,77,145,147,9510,6,11,9480,8193,484,6442,505,114,35,90,98,142,78294,19964,57294,5591,3212,2233,19986,233,1951,66,3455631956,21181,31612,21763,30446,20431,30900,881,30526,21479,17454,33795,37661,60441,34543,24258,34569,23689,848,26281,28677,29475,25164,0,6,0,6,8,17724,26709,26464,19420,29799,16244,26473,18416,27271,17724,27940,16612,25378,19123,969,805,27454,17865,27488,16735,3208,2936,24435,17150,16768,26816,11812,20197,1935,10592,21837,2056,14231,0,19987,11712,22766,0,12694,21036,0,12560,21947,901,17628,24655,565,23412,34846,23258,35000,Flagstaff and Sedona,45258,77322,198771,025,Yavapai County,Yavapai,NaN,NaN,7,025
8,Rural Arizona,8,17043,5839,389411555,8221798,729624,4183941,98984,4361,3015,5384,4210,1036,1374,2103,927,51,6846,10352,3197,6795,1,201,59,1,13665,73,625,65,6,1072,1537,3056,13303,10839,66,444,56,3,829,1066,2091,17093,14915,102,604,70,6,762,508,2970,412505363,319913904,13445,11196,87,478,18,14,888,326,2151,11520,10010,7,344,12,845,1803,16048,13584,284,1711,153,6,346,11954,10624,2394,1006,16543,15024,1510,9049,7994,1813,4877,4747,0,4,0,24,195,389,36,0,566,552,190,102,1103,240,14,436,0,4829,4,3531,1217,13634,5134,369,16539,2689,5839,4923,713,13,0,0,0,0,10,1,2,0,4687,237,770,1386,446,879,37,119,8,31,3,0,6,0,0,21,0,7,0,0,3708,4,0,3694,3478,270,2652,13,4,0,1,0,345,16475,9249,6896,568,330,164,3364,0,205,0,421510237,1562,6355,1728,6104,1595,6236,143,6143,1606,1280,6460,2693,11412,7414,1834,7725,1621,55,4941,4199,6564,2488,0,0,0,0,0,1398,5497,5432,1516,5946,1022,5578,1514,5663,1319,5578,1367,5381,1593,158,62,6261,1205,5328,1460,320,955,5373,1526,1371,5922,1256,4086,598,1053,4036,773,1800,0,4087,1288,4642,0,1707,4139,0,1197,4611,207,1557,5360,33,1640,7706,1520,7826,Rural Arizona,18005,9016,48581,001,Apache County,Apache,NaN,NaN,8,001
8,Rural Arizona,8,26700,12150,722193950,9242702,1257805,8439307,247276,4845,5219,8427,8168,3280,3242,3805,1486,192,11352,15869,4026,10131,131,805,310,154,20877,506,328,306,65,1358,3260,5095,22458,18098,403,247,252,50,1016,2392,3627,28696,24778,639,327,329,67,1434,1044,5474,703949019,661570787,26637,22850,426,250,181,38,1794,727,5016,22001,19940,425,175,150,967,4342,25747,21398,1011,3601,199,138,103,20448,18407,4871,1607,26306,23916,2311,13497,13203,3777,9442,8833,0,248,38,104,292,454,327,73,1116,578,342,928,1817,878,303,1116,35,9273,70,8158,1200,22671,10236,1440,26342,4285,12150,8595,3582,405,6,0,26,0,79,53,59,106,7964,325,1689,699,1143,2126,204,243,91,137,191,0,49,0,74,36,0,3,6,0,6306,3,0,6298,6248,234,5284,257,7,12,228,38,20,25045,9571,14919,1655,1097,454,5230,2,424,8,746799522,5025,7297,5109,7124,4903,7280,303,6852,5210,4377,7816,8836,14030,9098,6030,9215,5776,174,6142,8891,7887,7069,8,0,0,0,0,4486,6953,6942,4469,7651,3763,6745,4852,6871,4664,7185,4327,6692,4820,334,314,7446,4179,6832,4531,1166,1083,6611,5088,4764,7543,3901,5097,856,3465,5825,820,4140,0,5824,3936,5962,0,4205,5651,0,3663,6272,251,4948,7134,188,5834,9157,5859,9132,Rural Arizona,20002,27768,94659,003,Cochise County,Cochise,NaN,NaN,8,003
8,Rural Arizona,8,19045,7303,514491852,15250209,735843,5849978,153111,5241,4782,5950,3066,1964,1182,2533,1228,255,7986,10056,3050,5890,20,592,395,0,11986,205,3783,280,28,1031,1732,2675,14878,10030,177,2575,235,15,754,1092,1799,18292,13087,149,3135,307,24,836,680,2328,498149776,449885802,15714,11906,121,2307,100,18,612,343,1578,13763,10967,134,2040,79,334,1165,18072,14349,467,1476,356,112,1538,12561,11158,2772,906,19045,17001,2042,9254,9791,1426,8370,7014,143,893,49,36,114,232,487,140,1025,417,144,302,1384,2789,196,462,0,7883,391,7596,660,14776,8943,801,18885,3767,7303,4787,2483,158,22,0,33,2,0,26,2,8,3966,147,698,417,647,635,171,340,29,32,9,0,0,0,0,16,0,207,14,0,6053,4,0,6035,2815,168,1776,4,153,0,373,0,237,18073,9224,8706,972,234,656,3207,29,548,0,524672157,2555,4380,2627,4231,2519,4293,158,4200,2628,2204,4592,4372,7692,5594,3423,5680,3248,107,3645,5145,4759,3949,0,0,0,0,0,2385,3890,3834,2491,4371,2029,3923,2531,4047,2358,4115,2247,3799,2582,217,130,4309,2219,4233,2261,700,635,3847,2551,2529,4285,1735,2834,420,1448,3375,344,2041,0,3052,1940,3156,0,1994,3039,0,1758,3289,167,2723,4237,98,3334,5594,3360,5568,Rural Arizona,35149,20150,115161,005,Coconino County,Coconino,NaN,NaN,8,005
8,Rural Arizona,8,44872,20548,1367740433,7199963,2179239,16625647,330990,8042,7793,14151,14854,4704,5013,7021,3167,548,18903,30651,6890,21809,314,1064,252,45,35356,274,1815,405,36,2681,4305,8399,37372,30347,205,1333,333,21,2002,3131,5903,45198,40065,206,1131,246,46,2392,939,8282,1160583208,1249400877,42885,38122,145,611,147,13,2625,566,6889,32856,29155,63,412,83,2682,5676,43024,38078,1095,3815,318,218,294,34936,31042,7113,2606,44071,39989,4066,22382,22490,5066,16532,16314,1,48,3,44,1347,1284,561,121,1953,759,887,954,3978,2330,431,1091,32,16500,5,14496,1986,38252,17908,2250,43902,6460,20548,16088,4453,446,11,0,146,144,9,7,11,50,11496,426,2145,2025,1635,2219,718,901,126,286,85,4,5,0,0,54,0,55,24,32,9013,0,12,8977,9385,346,8058,22,143,0,269,127,188,43391,20281,22833,1481,729,623,9585,31,1263,21,1386814013,6586,14493,7073,13850,6619,14293,587,13726,6864,5484,15397,11625,26769,17417,7759,17929,7072,316,11398,12699,14736,9484,0,8,6,0,0,5711,12793,11946,6435,14047,4562,12536,6279,12912,5712,13129,5488,12135,6561,653,456,13918,5398,12766,5320,1247,1673,11739,6422,6018,13196,4982,9613,1296,3994,11078,1235,6355,0,9675,5169,10808,0,5750,10073,0,5066,10917,594,6318,13540,324,6675,18326,6296,18705,Rural Arizona,7984,14554,42873,007,Gila County,Gila,NaN,NaN,8,007
8,Rural Arizona,8,33813,10737,731517160,7604762,1238994,9715108,274637,9608,9710,9533,4968,2148,2280,4151,1853,150,13280,12659,2617,8732,36,721,136,189,25019,533,752,192,20,3219,4078,11327,24784,18345,440,568,167,16,2557,2691,7836,32352,26714,670,628,192,46,2996,997,11107,658401504,608024175,28346,21864,566,406,147,8,4154,534,8532,22264,19954,426,255,65,1244,6233,31722,25614,1187,5375,180,151,225,21676,18323,3540,1132,31067,28907,2132,18291,15522,1550,12353,12018,3,134,0,95,1382,1136,415,197,1632,410,528,770,2627,1285,598,616,0,12339,9,10659,1634,26302,13112,909,30682,5004,10737,7753,2976,487,19,15,7,0,0,337,5,18,4618,657,603,625,301,1199,134,276,8,35,7,0,1,0,5,10,0,1,0,0,10718,15,5,10632,12365,525,11619,16,0,0,3,10,11,33063,21875,10913,750,314,315,5147,18,895,0,755297913,2606,7696,2765,7431,2591,7596,195,7347,2756,2153,8054,4293,13784,10116,3455,10578,2957,161,7876,5610,9034,4392,0,0,0,3,0,2508,7053,6787,2646,7600,1959,6975,2735,7168,2417,7241,2376,6724,2917,352,195,7951,2347,7523,2487,895,892,7248,2840,2602,7928,2270,5323,517,1750,5964,588,2855,0,5379,2240,5828,0,2955,5149,0,2320,5835,278,2561,7876,64,2546,10989,2126,11409,Rural Arizona,3243,7527,28240,009,Graham County,Graham,NaN,NaN,8,009
8,Rural Arizona,8,9563,3264,249170564,4771123,338825,1441392,73345,2882,2651,2806,1200,403,703,1399,650,66,3390,4393,979,3086,68,176,14,9,6584,87,355,75,5,893,1564,4376,6843,4796,58,226,66,0,678,1019,2939,8410,6489,87,190,43,4,1252,312,4019,209750955,214901448,8385,6184,30,105,11,1,1610,239,3549,7820,6653,22,155,14,886,3339,8866,7407,285,1196,0,72,150,5760,5059,933,143,9540,9316,203,5117,4446,516,4174,4030,0,99,0,6,1567,278,94,8,319,35,147,289,683,241,168,110,0,3853,306,3681,488,7264,4352,226,9530,1080,3264,1725,1541,38,0,0,0,22,0,7,0,4,833,115,59,201,55,252,0,6,0,1,1,0,0,0,0,0,0,0,0,0,4366,0,0,4364,4594,184,4315,9,6,0,0,12,3,9344,6492,2795,219,63,132,1680,0,204,2,262456805,920,1525,977,1428,937,1461,100,1392,969,852,1544,1628,2784,2226,1403,2433,1183,53,1557,2022,2050,1572,0,2,0,0,0,1038,1460,1416,1042,1638,831,1438,1084,1494,999,1473,1034,1382,1124,113,79,1891,1092,1784,1190,316,303,1366,1341,1310,1593,1181,1008,161,945,1320,135,1290,0,1074,1169,1170,0,1287,1007,0,1174,1184,81,1162,1710,25,973,2643,730,2886,Rural Arizona,969,1464,6927,011,Greenlee County,Greenlee,NaN,NaN,8,011
8,Rural Arizona,8,9518,5679,269016576,10660725,567265,3612641,24967,778,1001,2340,5338,2018,1829,1350,323,89,4365,10467,6974,2914,15,411,118,0,7667,40,127,68,37,716,863,1525,8582,7133,39,113,56,20,542,679,1109,13382,11778,70,209,62,3,925,305,1937,384203529,321350814,11811,10768,47,161,25,8,408,163,1449,6598,6156,23,41,17,198,696,9366,8533,395,590,143,20,8,8493,7218,1178,302,9518,8294,1224,5145,4373,1766,2105,1918,0,11,130,6,158,207,52,96,339,159,96,80,292,136,7,139,0,1798,301,1714,369,8834,2367,691,9459,2176,5679,4317,1283,74,0,0,71,0,0,2,1,0,3079,149,802,398,199,799,106,77,83,26,1,0,0,0,0,20,0,11,25,2,1648,19,0,1627,1200,110,947,0,44,0,0,1,70,8753,1235,7441,765,129,578,2327,0,341,0,258139010,937,3086,978,3001,919,3056,63,2982,952,765,3228,1506,5444,3674,1253,3896,1049,14,1967,2782,3215,1527,0,0,0,0,0,767,2640,2530,839,2928,529,2616,852,2692,719,2675,750,2593,846,98,49,2992,737,2575,864,159,391,2315,1064,977,2760,740,1994,257,588,2212,304,842,0,2144,752,2240,0,859,2134,0,666,2364,73,1035,2441,43,1073,3872,1011,3934,Rural Arizona,1711,3814,13860,012,La Paz County,La Paz,NaN,NaN,8,012
8,Rural Arizona,8,95437,33785,3202716051,6811032,3955594,43606718,1456488,23383,20156,32376,19462,3790,5627,12053,9850,2189,35608,37438,5448,30736,351,335,238,64,67840,3410,1353,1386,156,9900,11392,24220,73296,54552,2452,999,1125,121,6691,7356,15662,68807,55781,1805,767,760,80,7167,1839,15890,2157631872,1075414331,32889,27670,816,416,76,24,2713,525,6032,19686,17061,472,170,59,1465,2780,91104,73734,4214,14324,1263,1006,363,67344,60356,17346,6065,93799,85951,7730,47256,48181,7833,40565,39346,40,463,10,410,731,4552,2449,985,5651,2623,3395,4189,7671,3295,1753,1893,229,40008,407,39447,958,76261,43221,3673,93619,8228,33785,29377,4310,2130,70,90,112,2,496,842,201,34,24029,2434,4311,3418,2803,4000,1770,1401,326,353,376,11,95,50,67,836,0,149,77,60,23027,10,118,22860,24664,2520,19811,441,27,28,599,411,374,87496,33658,52841,7941,3736,4139,21366,306,2283,1,3279816874,13303,27316,14208,25923,12919,26862,859,26029,13796,11088,28644,22594,50348,31180,16361,31846,15574,510,20664,25991,27960,18320,0,2,0,2,2,9137,19354,19152,10218,21663,7716,19682,9864,19978,9395,20387,8744,18984,10078,561,475,20463,8785,19519,8349,1669,2299,14434,7746,7376,16269,4709,10569,1362,3850,11853,1338,5922,4,10927,4647,12058,2,5224,11510,3,4782,11857,563,6860,14619,291,15643,31777,15716,31704,Rural Arizona,809572,738705,3373188,013,Maricopa County,Maricopa,NaN,NaN,8,013
8,Rural Arizona,8,212017,94205,6259083664,32623757,10056434,77429750,1588715,38527,40704,66988,65521,21588,25425,29877,13844,2719,88966,118716,31140,72804,1796,6991,3194,1738,169719,2216,3984,2730,408,12670,20290,34059,176693,144932,1789,3025,2338,321,9638,14650,24219,198566,173525,1819,3203,2035,327,11873,5355,29337,5213240395,4120352403,151984,137862,700,2248,1014,133,5816,2957,16384,91078,87205,245,1177,450,1426,4409,203480,183079,5975,16200,1296,1304,583,164826,144306,24228,9244,208724,189461,19134,107662,104355,24930,74709,71201,321,590,246,1755,550,5362,3963,872,9525,4591,5145,5427,16506,11729,3275,4178,141,63382,11031,62241,12129,181144,82240,13189,208226,32558,94205,67643,26273,3444,73,306,172,224,101,1506,272,242,58735,3441,11769,7736,6914,11187,2972,3696,1423,1511,696,200,115,0,232,1669,80,126,406,103,37123,371,3,36653,35951,3409,28657,669,326,0,725,565,503,198694,37071,159808,13323,7319,5589,43501,153,6402,283,6344647858,20258,61098,20777,59303,19467,60570,2114,58724,20923,16471,63541,32493,104478,75303,27183,78494,24582,980,38985,58691,64475,32718,0,2,0,0,0,17265,52178,50177,19071,56632,13449,51868,18621,52898,17081,53069,16809,50842,18918,2174,1157,58257,17261,50416,18892,4194,7869,42382,20677,19321,49146,13992,32834,4564,12198,36293,4565,16032,0,35330,14027,37325,0,15584,35186,0,12660,38970,1876,21939,44248,751,23567,79509,22398,80678,Rural Arizona,21040,60809,177642,015,Mohave County,Mohave,NaN,NaN,8,015
8,Rural Arizona,8,45136,17423,1143165342,5211353,1916711,13366694,330219,11816,8495,13472,11285,3671,4731,5461,3122,205,18205,29524,7749,19421,525,997,403,139,37426,345,1841,317,53,1650,3504,6060,35116,29698,284,1303,252,42,1239,2298,4194,43489,38272,381,1530,217,44,1938,1005,5858,1071832688,810948608,32993,29261,300,1058,76,15,1118,515,3052,20854,19066,160,859,31,488,1250,42399,38038,860,3362,87,111,446,31567,28617,7001,2703,44662,38600,6033,22910,22226,3995,15346,14689,94,194,41,68,360,1580,293,156,2135,611,866,902,4122,1497,656,544,0,15233,61,14324,831,35464,17251,3285,44582,7334,17423,13246,4145,470,0,2,145,250,0,19,20,5,14566,944,2203,2586,1669,3568,664,1257,113,166,19,17,28,0,5,84,1,9,35,11,7355,6,0,7331,6548,703,5307,28,1,13,90,19,140,43471,23056,19886,1665,1027,525,9558,70,918,24,1158488846,5591,18264,6111,17472,5497,18105,570,17556,5852,4443,19045,9449,32839,17210,4552,17648,4121,181,11892,9594,15068,6395,0,0,0,0,0,3029,12263,12022,3298,13090,2380,12193,3284,12441,3038,12644,2750,11902,3610,434,245,13358,2634,11365,3115,1190,1975,12835,3704,3288,14132,2854,9963,1227,2340,10167,1512,4314,0,9605,2973,11069,0,3810,9855,0,2850,11057,493,3708,13035,124,4242,17527,4373,17396,Rural Arizona,18723,21688,78754,017,Navajo County,Navajo,NaN,NaN,8,017
8,Rural Arizona,8,19493,7937,525063814,7721126,863156,5902276,223343,4259,3875,6724,4612,1659,2554,2257,1245,162,8335,9613,4031,5169,78,55,36,108,13696,238,641,171,16,1687,3044,5708,15934,11655,180,462,144,14,1282,2197,4135,20314,16574,202,655,121,29,1968,671,5923,510717680,441896767,18226,14972,126,440,72,8,1853,486,5118,11896,10732,41,354,33,513,2854,18732,14052,1341,4351,19,65,17,14206,12198,2768,878,19329,17750,1536,9761,9732,2014,7863,7478,23,20,9,177,228,612,374,108,1404,465,190,882,1627,811,163,318,128,7784,39,7383,427,16284,8729,1419,19457,3295,7937,6272,1666,251,0,21,37,0,0,103,0,17,4309,390,867,478,863,562,164,197,67,22,13,8,2,0,0,111,0,6,0,4,5622,2,0,5621,6998,144,6535,168,66,0,2,1,0,17581,8207,9198,1912,1144,682,3698,12,637,0,531215575,3351,4494,3412,4400,3283,4477,188,4180,3479,2902,4842,5756,8250,5808,4169,5956,3985,85,3802,5703,5019,4358,0,4,0,0,0,2916,4219,4204,2921,4725,2382,4113,3080,4149,3003,4375,2780,4060,3063,230,210,4649,2869,4287,2826,522,680,3758,3202,3063,4291,2510,3259,558,2118,3883,482,2710,0,3716,2550,3770,0,2613,3764,0,2431,3922,208,3219,4558,82,3967,5974,3983,5958,Rural Arizona,248230,159636,821500,019,Pima County,Pima,NaN,NaN,8,019
8,Rural Arizona,8,57066,17949,1343651333,4409544,2360793,15233710,478957,11448,17267,16641,11663,4126,4600,5780,2850,397,22959,21938,4906,14355,439,1467,344,132,31731,2608,2044,619,202,11952,7910,23769,46151,26859,2040,1575,549,155,9428,5545,17453,59292,36413,3194,3155,1068,1007,12238,2030,26298,1286806179,818701483,36680,22620,1259,1311,255,33,9315,1025,18212,22755,13786,988,800,61,6544,11332,54381,37614,6449,15308,295,372,452,42219,33044,5510,1552,46157,42132,4020,34321,22745,4593,16538,15677,3,366,116,191,940,1269,1612,182,1893,852,808,1636,2772,1590,510,1267,0,16437,68,11377,5141,48196,18168,2528,46024,7545,17949,13001,4952,812,14,89,84,166,61,107,70,98,11393,640,2524,1928,1420,1551,429,893,131,209,63,74,31,5,27,240,36,24,37,9,23973,194,49,23722,24207,565,20791,650,32,3,887,313,608,49817,23621,25773,7249,1928,5211,8765,35,1130,7,1410001247,5850,8695,6221,8259,5842,8524,298,8179,6067,5235,9184,9903,15377,11016,8521,11542,7975,165,7945,11113,10775,8309,7,12,0,4,6,5294,7122,6731,5657,8052,4288,7025,5586,7298,5245,7307,5137,6925,5622,389,312,7903,5705,7705,5371,719,1075,5824,5744,5577,6685,4145,4791,638,3422,5743,580,4638,0,5024,4231,5442,0,4481,5157,0,4211,5401,231,5486,7131,76,7465,12052,7068,12449,Rural Arizona,62008,83147,329322,021,Pinal County,Pinal,NaN,NaN,8,021
8,Rural Arizona,8,152323,66016,4432020021,16949750,7033063,61941530,1529129,29691,29715,49143,43646,14013,17269,21853,10575,2058,61119,74081,18803,45928,1684,5675,895,694,120278,1006,3313,1588,215,10137,15786,26682,124515,101785,788,2362,1362,176,7160,10882,17773,136480,119604,796,2639,892,112,8310,3663,21956,3567046777,2876258806,103372,93940,300,1719,305,64,4040,1893,11059,58840,56071,84,937,142,952,3471,145214,128027,5906,14279,1038,666,598,115702,103742,23659,9358,151567,134685,16808,75209,77114,16196,60809,58051,174,1461,78,583,1459,5822,3615,1014,7802,2395,3226,5572,13777,7375,4036,2784,10,60022,606,55851,4719,128736,66130,7069,150211,19622,66016,47462,18544,2046,78,76,196,52,244,364,248,415,43156,1848,8244,6710,5695,8887,2126,2381,484,1542,505,94,411,0,49,1252,0,208,320,437,23346,333,25,22927,26335,1576,21928,409,254,22,728,394,526,142594,51168,89716,9729,4595,4915,31190,268,4800,71,4529453911,23135,47220,24113,45716,22379,46581,1752,45226,23779,19101,49622,40348,88773,55637,27594,56958,25913,1244,37235,42091,46394,32203,4,18,0,2,2,19181,39719,38843,20740,44350,15915,39615,19843,40422,18759,41259,17670,38291,20552,2070,1363,43876,17724,40544,17792,4322,5871,33404,17752,17150,37652,13044,27469,3585,11014,30227,3545,15898,0,28363,13085,31304,0,14322,29354,0,12980,31105,1801,19232,36509,869,26306,56565,26543,56328,Rural Arizona,45258,77322,198771,025,Yavapai County,Yavapai,NaN,NaN,8,025
8,Rural Arizona,8,30000,14059,936564107,6929076,1562625,9292018,207586,4698,5276,6741,13290,3040,3570,4639,2465,167,11913,21932,11163,10125,365,118,25,1,22398,311,331,301,39,2799,3821,7913,25997,20354,228,254,278,29,2078,2776,5596,30091,25745,295,263,241,25,2664,812,7229,873301716,749983433,25220,21667,141,183,93,23,2351,479,4441,10219,8647,93,53,20,1183,1730,28902,22264,1973,5929,343,165,20,24051,20855,3567,1534,29764,27273,2425,14941,15054,4515,8964,8679,1,123,0,78,400,438,400,238,880,434,380,875,1666,971,273,797,231,8651,221,8564,308,26102,9832,1792,29869,3258,14059,11630,2394,308,101,30,0,0,7,49,8,20,8153,493,1731,1746,530,1420,46,922,161,93,122,14,12,1,0,47,0,79,3,8,9198,23,13,9148,8723,156,8014,101,16,0,79,68,29,25776,6060,19273,4219,1699,2436,7694,7,954,2,929991471,3436,8375,3345,8360,3321,8322,254,7897,3686,2887,8764,5636,14856,9656,4463,9865,4195,113,6502,7170,7908,5711,0,0,0,0,0,2542,6533,6570,2657,7158,2269,6595,2698,6592,2632,6719,2499,6384,2769,158,31,7055,2721,6283,2634,495,833,5700,2579,2422,6220,1957,4847,373,1783,5072,612,2010,0,5138,1970,5274,0,2165,4862,0,1739,5518,95,2845,5884,32,4203,9857,4136,9924,Rural Arizona,21141,26029,149964,027,Yuma County,Yuma,NaN,NaN,8,027
9,Border Latinos,9,31992,10613,589979252,4978154,1214142,6713484,215877,8678,9055,8669,5581,3073,3041,3125,1125,59,13996,13248,2605,9102,199,786,342,3,14601,484,481,196,33,7245,8952,23233,23936,11566,426,407,156,18,4999,6364,16294,35334,24944,634,501,162,36,8028,951,24493,728079060,644010933,33538,22369,441,449,144,29,8859,993,21901,29336,21820,501,206,130,6438,17884,29712,12381,5573,16754,150,121,80,21040,16433,2987,1020,29813,26516,3245,16955,15037,2121,10508,9932,15,148,28,183,669,565,463,105,1225,626,358,930,2301,678,297,1386,0,10343,108,9729,734,25269,12244,2705,29690,5967,10613,7377,3194,173,8,5,23,0,77,18,5,2,3543,172,690,410,408,731,107,168,59,74,14,0,0,0,5,11,3,6,1,2,18703,15,1,18660,22838,510,21825,97,32,6,17,30,20,25658,18337,6978,6334,3328,2865,4821,39,514,15,659307514,4130,3276,4218,3151,4031,3312,101,2961,4314,3885,3449,6959,6156,4527,6530,4759,6197,41,4731,6006,4455,6271,2,0,0,0,0,4575,3245,3257,4493,3802,3965,3094,4817,3141,4728,3303,4491,3066,4796,178,132,3435,5258,3966,4819,591,340,3081,5323,5187,3514,4176,2800,336,3635,3531,289,4413,0,3038,4211,3223,0,4445,2967,0,4170,3285,103,4882,4200,67,5428,5528,4702,6254,Border Latinos,20002,27768,94659,003,Cochise County,Cochise,NaN,NaN,9,003
9,Border Latinos,9,1044,397,18166462,374671,46615,141603,9216,240,182,381,236,114,143,124,5,0,403,555,180,370,2,0,0,0,457,5,17,3,4,357,201,730,825,389,0,12,0,2,271,151,554,1335,867,2,17,5,0,400,36,990,25185168,26412324,1527,946,5,12,0,4,461,50,1114,1779,793,0,13,3,936,1339,1024,555,20,454,0,0,2,759,626,78,28,1044,974,70,543,501,60,312,301,0,4,0,0,53,13,15,0,25,0,2,5,95,25,0,11,0,312,0,219,90,862,365,110,1044,234,397,338,62,0,0,0,0,0,0,0,0,0,80,5,0,4,0,5,0,2,4,0,0,0,0,0,0,2,0,0,0,0,576,0,0,576,698,28,625,0,15,0,0,0,11,1014,808,189,30,20,1,180,0,2,0,19604232,240,117,252,111,251,110,2,105,254,240,118,453,219,143,344,148,329,2,180,273,185,285,0,0,0,0,0,300,110,94,307,140,248,109,305,112,285,104,301,102,304,7,6,122,315,126,285,5,14,74,327,315,90,290,61,4,270,85,9,294,0,70,292,75,0,308,55,0,294,65,2,368,100,3,303,174,277,200,Border Latinos,7984,14554,42873,007,Gila County,Gila,NaN,NaN,9,007
9,Border Latinos,9,8123,1152,68823590,12523961,308521,771702,24741,987,3630,2986,514,288,274,307,238,0,4481,1346,361,852,1,37,32,0,3564,549,735,33,7,1467,1768,4297,6960,3289,534,553,27,6,1165,1386,3473,9216,4459,743,768,51,6,2993,178,4501,101204662,89047050,4201,2014,39,528,10,0,1418,143,2175,4601,2803,107,428,66,1042,1890,7923,4200,1297,3163,83,68,383,6678,4804,340,51,3497,2640,858,6541,1580,353,1516,1405,0,85,0,6,264,91,41,0,168,175,84,120,195,173,7,9,0,1496,6,1441,49,7306,1621,788,3493,1124,1152,677,455,68,0,0,0,0,47,20,0,0,1005,104,169,183,127,129,70,6,5,0,8,4,0,0,0,5,0,0,0,5,5023,33,6,4983,3890,106,3640,38,10,0,40,0,21,6901,4379,2418,1220,318,874,560,6,63,0,90851612,260,369,267,354,249,353,6,343,267,216,383,416,681,542,394,561,380,3,425,477,561,344,0,0,2,0,0,269,392,392,302,466,226,409,301,416,267,403,250,392,279,13,11,493,337,472,283,17,32,366,329,325,452,251,320,30,188,424,28,313,0,328,242,382,0,273,348,0,288,343,10,300,521,13,384,557,363,578,Border Latinos,809572,738705,3373188,013,Maricopa County,Maricopa,NaN,NaN,9,013
9,Border Latinos,9,0,0,0,0,0,0,0,0,0,0,0,0,0,0,0,0,0,0,0,0,0,0,0,0,0,0,0,0,0,0,0,0,0,0,0,0,0,0,0,0,0,0,0,0,0,0,0,0,0,0,0,0,0,0,0,0,0,0,0,0,0,0,0,0,0,0,0,0,0,0,0,0,0,0,0,0,0,0,0,0,0,0,0,0,0,0,0,0,0,0,0,0,0,0,0,0,0,0,0,0,0,0,0,0,0,0,0,0,0,0,0,0,0,0,0,0,0,0,0,0,0,0,0,0,0,0,0,0,0,0,0,0,0,0,0,0,0,0,0,0,0,0,0,0,0,0,0,0,0,0,0,0,0,0,0,0,0,0,0,0,0,0,0,0,0,0,0,0,0,0,0,0,0,0,0,0,0,0,0,0,0,0,0,0,0,0,0,0,0,0,0,0,0,0,0,0,0,0,0,0,0,0,0,0,0,0,0,0,0,0,0,0,0,0,0,0,0,0,0,0,0,0,0,0,0,0,0,0,0,0,0,0,0,0,0,0,0,0,0,0,0,0,0,0,0,0,0,Border Latinos,248230,159636,821500,019,Pima County,Pima,0,0,9,019
9,Border Latinos,9,19984,5948,407357284,3851279,877180,3905198,163208,3245,5804,6479,4457,1382,1477,2158,740,73,8228,7018,2264,4609,0,54,12,0,11176,986,696,94,29,4328,2675,8579,17047,9619,946,605,73,21,3858,1925,6827,23104,15737,493,1550,80,26,4287,860,9563,434326876,459479605,18219,13003,50,210,31,13,3883,532,7934,15644,14220,23,116,11,921,6719,19388,13468,1404,5080,363,38,313,15600,11995,1734,692,15096,13764,1330,12954,7030,1850,5201,5001,2,61,5,21,461,355,290,1,415,114,182,390,1360,555,94,324,0,5149,17,3305,1881,17496,5744,1128,15084,2183,5948,4692,1276,107,0,17,24,10,19,0,13,12,3330,287,928,358,340,494,83,113,44,95,0,21,13,9,0,26,11,0,12,0,8855,67,8,8774,8707,318,8208,26,0,0,36,0,82,18217,10162,7873,1767,621,1036,2999,7,416,9,425750645,2580,3061,2693,2902,2573,3003,119,2820,2658,2403,3161,4527,5460,4337,3784,4478,3573,70,3369,4534,4130,3773,0,2,0,1,0,2827,2988,2851,2957,3408,2363,2900,3016,3007,2840,3031,2823,2847,3022,110,143,3253,2904,3147,2860,326,454,2659,3442,3280,3123,2666,2090,347,2228,2704,273,2900,0,2250,2681,2450,0,2842,2293,0,2633,2481,156,3107,3340,38,3189,4862,2904,5147,Border Latinos,62008,83147,329322,021,Pinal County,Pinal,NaN,NaN,9,021
9,Border Latinos,9,42252,14300,894990421,1020405,1566463,11059093,363083,12891,10624,12216,6520,3715,4205,3972,1878,469,18930,15715,880,11177,861,2285,248,120,11627,159,402,283,12,13478,16291,38421,30361,8551,106,298,223,8,9359,11816,27049,41975,30039,159,258,223,15,10375,871,37812,771368170,605971143,33309,24742,103,167,154,20,6905,850,29448,25155,18073,66,29,116,6598,21643,39297,5623,14431,33430,129,99,0,26622,19985,5426,1919,42077,36464,5590,20278,21974,1062,16626,15849,189,131,77,340,610,1157,601,1242,1990,2002,760,886,3481,1234,753,1548,10,16079,489,13769,2844,32226,18896,3328,42086,9953,14300,9297,5001,185,0,13,60,0,0,104,6,0,1688,140,234,277,85,224,110,16,106,16,13,15,2,0,0,0,0,54,22,82,31690,5,72,31610,38057,727,36677,224,94,9,165,45,12,27311,21235,5302,14941,8816,6125,7132,0,999,0,916643061,6782,2814,7185,2432,6815,2723,273,2411,6994,6573,2946,11473,4911,3875,11538,4382,11024,164,6545,8331,5558,9342,0,2,2,2,0,7627,2387,2348,7574,3115,6924,2269,7809,2313,7657,2563,7545,2308,7787,380,221,2378,10072,4115,8220,679,472,2272,7878,7995,2743,4986,1750,374,4599,2443,291,5150,0,1975,5042,2082,0,5207,1920,0,5407,1854,183,7152,3167,36,9312,6094,7587,7819,Border Latinos,8987,4340,34769,023,Santa Cruz County,Santa Cruz,NaN,NaN,9,023
9,Border Latinos,9,173432,58805,4092646140,3525203,6228776,53194222,1368491,51892,50173,45415,26030,14072,13935,18668,9877,1851,73182,70148,18185,40256,2269,5733,1744,1461,67618,3762,3181,2264,244,48425,47938,122005,126839,52020,3016,2339,1813,183,34363,33105,84018,164102,110905,3523,2747,2006,269,37924,6459,109240,3460938920,2989482644,132166,85238,2955,1995,1114,109,34198,4029,74878,93440,69119,2428,1040,984,18148,40189,160723,66227,34401,91804,572,991,583,107268,78107,16942,5872,165095,142698,22292,90581,82851,9848,67387,64676,754,769,206,456,6154,3467,3322,2091,7460,3421,3067,5133,14060,6619,2716,5803,2654,64173,3074,63540,3730,132139,75270,11286,165838,31884,58805,39005,19786,3708,99,350,351,131,208,1466,420,266,16065,1679,3302,3297,1590,2688,315,695,38,329,155,16,48,4,78,128,0,67,39,20,113967,217,115,113586,121071,1942,115962,949,182,167,683,337,268,126745,71637,52785,46686,22418,24252,29263,156,4208,62,4185570861,16608,17534,16641,16909,16160,17251,931,15896,17433,15286,18217,27745,31303,25284,29442,26459,27961,948,24532,28851,23469,29635,4,2,0,0,1,17166,15870,15843,17197,16679,16786,15604,17806,15521,17957,16573,16766,15171,18160,1254,596,17976,21859,20882,16789,2732,2301,15186,15784,15594,17010,11685,12552,1320,10490,14461,1211,12236,0,13443,11877,13862,0,12514,12625,0,11981,13949,519,15647,18506,150,25262,29158,22658,31762,Border Latinos,21141,26029,149964,027,Yuma County,Yuma,NaN,NaN,9,027
10,Tuscon Latinos,10,328664,122089,7058362628,765132,11753732,107639271,3509903,91038,102477,91371,43819,34176,34153,35808,15737,2020,136246,135691,25125,68964,7405,13783,14246,5609,132539,13516,14612,6525,597,81317,79558,209539,250528,108074,9744,10454,5509,431,59450,56866,149688,330543,201109,12955,13434,5605,457,82968,13305,209761,6438720899,6071590336,289176,171332,9895,9398,3705,363,80942,11315,162879,244139,154689,9707,5466,3309,69251,112733,308417,159099,47441,138178,2930,4297,3376,202721,160202,36523,12546,324413,276466,47816,162330,166326,16742,144989,134055,4052,2534,1470,2134,1280,13012,8354,2431,17253,7567,8726,17551,33633,18717,7478,7346,816,143998,846,141780,2985,257551,159960,19012,324026,75137,122089,69465,52637,10687,227,1447,2186,692,1543,2037,973,766,27116,1743,4421,4985,3843,3692,1577,1095,346,634,471,64,102,62,537,642,24,341,77,63,181608,1566,189,179740,217376,7503,201333,2020,831,111,2446,989,1104,266491,177917,82985,62169,27932,34209,41720,360,12045,429,7217403292,56438,21332,56935,20221,55601,21274,1500,18854,57791,52855,23928,97259,38433,31432,87241,32923,85146,1633,35016,77009,35060,75988,21,45,24,26,27,58659,21996,21265,58943,26788,53206,20841,60478,21182,59713,23963,56581,20459,60261,2992,2822,23861,65052,30579,57093,6353,5299,20305,57835,57615,24154,41562,17765,4311,37421,23530,3836,44137,0,20221,42940,20372,0,43500,20167,0,42921,20691,1940,55444,28897,866,81310,36759,77537,40532,Tuscon Latinos,248230,159636,821500,019,Pima County,Pima,NaN,NaN,10,019
11,Tucson Middle Class,11,374426,159481,11551224168,495707,14737293,167547855,3983249,83120,119263,105799,66239,33321,39649,49908,30368,6088,151409,176228,7030,98564,14981,19730,20726,14805,249341,19833,6175,13970,1138,30291,53678,100140,306068,212399,15103,4855,11929,810,23500,37472,72044,352091,278328,16389,4925,11773,808,24432,14647,81410,10522600622,10282190461,328603,268873,12398,3558,9006,351,21659,10293,56705,281006,247908,9076,2064,6237,13717,35444,354598,287171,16832,48027,6202,7911,4875,253354,234387,88527,36044,360915,332719,27903,186038,188387,29773,176375,161725,2972,5336,3285,2269,1250,9026,10820,2629,21228,7565,13044,22491,46198,18856,8396,9666,4035,175042,1131,172199,3969,312749,192364,19454,355238,51566,159481,86984,72470,20764,695,2774,5182,718,2171,4187,1900,1800,80084,6946,16006,9271,10404,14141,5517,4175,1143,1702,2380,60,292,128,1420,2187,362,540,243,386,97656,3123,216,94078,105231,6249,87334,4287,550,245,1796,2015,1716,338879,149457,182499,35548,19460,16052,58673,606,13079,742,11774989373,87722,51620,88317,49804,85991,51692,3015,47258,90247,78540,58743,154423,97917,72265,113060,72407,111346,3365,57534,118920,65106,110125,52,104,56,79,66,78412,56179,55233,81719,63402,72405,53340,83478,54411,81884,59288,76078,52083,83580,3587,3812,59728,80872,66924,73643,11993,8504,55273,77355,75257,63064,55809,47449,7946,48977,57856,7555,61463,0,51249,57016,53919,0,59010,52703,0,58724,53742,3574,80436,68671,2112,112659,71094,113954,69799,Tucson Middle Class,248230,159636,821500,019,Pima County,Pima,NaN,NaN,11,019
12,Tucson Prosperity,12,220698,95192,11491282910,2698973,10242003,124264126,2549604,43505,40837,71647,64669,10104,14421,28002,28602,13964,90523,107662,7812,78387,5625,6509,5187,4041,169562,4163,1921,9016,305,9451,26280,38230,182663,145180,3227,1469,7223,202,7348,18014,26790,195245,170929,3135,1463,6609,161,7194,4954,27970,9523706024,8203458804,158831,143777,1772,991,3234,126,4568,2846,15682,96195,90005,762,470,1244,2753,7337,211786,181238,6401,18840,6085,3827,1420,166777,160745,89294,43300,218571,210572,7924,108123,112568,22199,94511,91406,271,581,267,1565,657,3531,8694,1839,9402,4193,8988,12551,26105,6680,4283,5750,905,93208,1155,91222,3127,185765,100652,7623,219059,12571,95192,75553,19636,13082,332,3310,2996,221,591,2135,966,1872,63482,4605,12003,7361,6950,12433,4368,3756,529,1760,2394,320,539,94,654,2097,153,328,820,562,41350,451,825,39978,41232,2026,33070,2251,297,71,984,1246,761,199844,67646,128582,20853,13918,6861,54004,556,5061,242,11521928530,68761,55248,70191,52745,66999,55466,1877,51984,70652,59399,62734,121227,108959,68246,76139,67170,76096,1842,57004,81671,62472,75454,43,86,24,77,29,53829,57089,56704,57631,63454,50401,54811,58272,55541,57202,59592,52388,53388,58506,1588,1563,56209,56283,62278,50437,7689,4958,54820,51212,48317,61140,38421,47693,4472,33680,55094,4642,42770,0,49285,38135,52268,0,40019,51434,0,40931,51769,1853,50511,59640,1094,77956,65310,79818,63448,Tucson Prosperity,248230,159636,821500,019,Pima County,Pima,NaN,NaN,12,019
12,Tucson Prosperity,12,10894,5779,575558644,151439,698795,4931155,50318,809,860,1581,7645,535,884,1985,2000,387,4060,6591,15,6407,146,0,0,4,9850,72,46,129,8,163,626,766,10384,9550,61,39,102,4,113,515,552,9710,9292,70,19,78,1,135,87,478,509401575,302490625,4808,4728,18,3,16,0,9,8,53,652,644,0,0,0,0,32,10672,9875,190,554,136,64,0,9984,9848,5166,2108,10893,10457,436,5250,5644,1768,1592,1540,0,29,0,4,118,105,128,7,168,29,273,263,321,26,60,2,1,1546,37,452,1131,10177,1863,1171,10894,508,5779,5412,394,142,0,0,78,0,0,20,6,18,4625,199,1116,322,329,878,309,651,26,113,247,6,6,0,0,281,0,43,18,0,1218,16,0,1188,898,232,304,0,2,0,0,359,0,9887,1297,8510,1007,599,395,3859,67,62,10,571417024,3802,4180,3928,3982,3667,4223,70,3998,3916,3218,4672,6689,8366,4833,3822,4701,3886,48,4489,3951,4274,4215,2,4,2,0,0,2913,4501,4448,3180,5066,2524,4434,3180,4481,3101,4638,2862,4338,3203,70,62,4234,2940,4413,2818,346,270,4164,2839,2644,4524,2208,3905,150,2074,4088,273,2387,0,3914,2114,4175,0,2261,3975,0,2198,4173,83,2671,3969,36,4051,4536,4237,4350,Tucson Prosperity,62008,83147,329322,021,Pinal County,Pinal,NaN,NaN,12,021
13,Southern Outposts,13,66755,27199,2275822804,1862305,2762456,26797028,567714,16923,15496,19457,14879,4292,5475,8840,7422,1064,25719,30747,4947,20725,1040,1160,2095,605,46255,3793,701,2210,390,4075,9331,14287,52936,37950,2961,560,1891,295,3100,6179,9746,67094,53145,4113,694,1957,294,3410,3164,12395,2248755411,1688358876,56475,43974,4128,456,1410,180,3021,2269,8474,44785,36475,3817,193,1648,1846,5142,63009,52528,2363,7242,1602,1344,117,46240,43233,15220,6173,62918,59171,3651,32976,33779,12439,27583,25840,157,593,97,699,114,1573,614,94,2309,753,1489,3733,5072,2035,864,4733,3465,27327,185,25828,1671,53131,29392,2761,64401,6538,27199,19184,7988,3655,8,100,387,139,171,644,601,1244,16226,1965,3431,1626,2439,3780,550,542,75,243,111,2,47,9,110,350,1,49,24,41,17374,161,53,17117,15432,583,11732,1354,17,96,724,453,118,61438,17800,41348,5317,3384,1817,13479,103,1131,59,2345196398,9982,16909,10075,16551,9546,17071,979,15725,10478,8261,18360,16868,32828,21589,12283,21582,11759,938,15753,17886,18261,15284,7,0,0,4,4,8259,16777,16729,8421,18186,6848,16365,9052,16710,8632,17361,7811,15959,9230,794,823,17212,8014,16838,8292,2716,2292,16516,9325,8594,18439,6924,12859,1672,5998,14070,1869,7476,0,14049,6890,14468,0,7587,13855,0,6101,15397,766,9092,17672,483,12084,21257,12317,21024,Southern Outposts,20002,27768,94659,003,Cochise County,Cochise,NaN,NaN,13,003
13,Southern Outposts,13,87987,37099,3547964844,2042186,4133406,40760176,933438,19099,14798,23547,30462,4356,6626,12247,11245,2548,31837,43372,2788,31531,6331,1693,371,512,67718,2180,697,1685,167,4484,11056,17425,70680,56791,1528,478,1399,129,3190,7165,11276,68187,60199,1451,450,1098,46,2726,1850,10957,2672227837,1398657431,32946,30508,244,154,156,15,1024,425,3192,18487,17752,28,23,41,395,1070,83192,73370,2067,7507,942,1007,143,65824,63062,28513,12204,87091,84301,2746,43216,44767,12234,31462,30764,21,105,47,346,297,1039,2290,518,2717,1828,2835,3684,8238,2241,1469,2961,769,31024,357,29635,1753,71743,33372,2870,87798,5163,37099,32554,4535,2793,103,119,556,87,177,1082,221,268,27403,2799,6444,3145,2802,5301,1765,1722,248,422,291,25,189,26,0,956,19,123,228,48,16524,187,46,16246,17175,653,14534,339,209,0,425,210,499,81984,24815,54672,6003,4483,1442,22546,151,1663,53,3570610916,22788,24080,23137,23282,22101,24168,942,22451,23693,19348,26760,39238,45861,29122,24750,28957,24501,710,23017,28167,24460,26354,10,18,6,17,12,16779,22892,22894,17548,25749,14584,22134,18131,22403,17718,23796,16081,21827,18009,729,672,22725,16557,23178,15620,2828,2306,19424,15510,14399,21830,11594,16306,1635,10649,17990,1821,12437,0,17565,11459,18100,0,11565,18203,0,11636,18448,656,14147,19924,370,25287,28171,26170,27288,Southern Outposts,248230,159636,821500,019,Pima County,Pima,NaN,NaN,13,019
13,Southern Outposts,13,160961,53528,4421351369,2703050,6203085,60697683,2027097,42878,42348,47039,28710,6999,10730,19976,13371,2122,60047,62081,7683,48749,1022,1952,1173,817,94132,12497,5131,3228,543,20630,24800,52427,120909,75536,8786,3510,2632,361,14593,15491,33781,133465,93739,8515,5198,2928,212,16218,5975,42090,3532150918,1319295415,56971,37029,2891,2199,308,18,11265,1396,19810,40319,30364,2130,1408,162,5125,11561,151321,116508,9163,29239,1592,2128,1253,108791,96862,23077,8039,155173,140802,14247,83140,77821,12592,64555,62631,59,595,90,697,1415,3399,6531,870,8491,3626,4798,6968,13246,5351,2602,5094,451,63974,376,41462,23119,125327,70779,7831,154477,16469,53528,41296,12198,5773,602,531,209,279,350,2406,476,555,32405,1805,6660,3886,4525,5647,2301,1774,379,774,318,66,121,13,112,957,299,311,111,17,59505,409,322,58689,58426,1011,53476,1063,359,99,844,363,455,144688,63485,78923,16273,7809,8360,30047,113,4499,67,4593558846,24675,30759,25732,29241,24179,30513,1476,28690,25536,21543,33094,41326,55184,36464,31888,37657,30305,1094,27069,39839,35824,30875,2,24,6,6,2,18420,23556,22349,19638,26843,15128,23376,19448,24280,18283,24629,17595,22983,19628,1368,1206,25449,18612,25758,17649,3339,3258,18710,16724,16291,21308,10384,14046,1720,8564,16580,1496,11889,0,14403,10433,15808,0,11149,15007,0,10726,15407,851,16149,20211,274,30308,37654,30492,37470,Southern Outposts,62008,83147,329322,021,Pinal County,Pinal,NaN,NaN,13,021
13,Southern Outposts,13,5417,2425,183400962,2181451,261140,2213633,48408,1236,734,1380,2069,469,652,706,498,58,2399,3365,430,2642,219,11,11,0,4302,28,55,21,7,284,720,1211,4854,3983,21,48,21,5,225,551,929,5395,4746,15,61,26,0,450,71,1420,205989662,209324739,4622,3982,5,23,14,0,420,54,1205,4021,3591,3,10,4,342,1183,5141,3677,410,1389,13,4,0,4127,3865,1702,796,5415,5217,186,2702,2715,480,1629,1496,0,69,0,19,33,60,40,23,133,56,56,204,370,137,41,173,2,1547,56,1143,487,4327,1772,286,5397,379,2425,1992,433,15,0,0,2,0,0,0,2,0,1698,204,168,352,262,327,27,15,5,14,57,0,5,0,0,45,0,3,1,0,1933,0,0,1933,1669,14,1603,0,2,0,0,2,0,4942,2012,2887,475,286,174,1272,3,19,0,184855750,1942,1557,1996,1478,1908,1558,31,1482,1993,1718,1720,3390,2830,1810,2151,1813,2113,49,1406,2448,1890,1952,0,0,0,0,0,1657,1462,1480,1666,1678,1482,1461,1688,1455,1652,1566,1599,1436,1707,46,45,1519,1618,1520,1524,167,179,1344,1576,1491,1491,1177,1155,159,1105,1243,181,1264,0,1235,1207,1310,0,1258,1235,0,1195,1330,48,1525,1344,23,2093,1833,2092,1834,Southern Outposts,8987,4340,34769,023,Santa Cruz County,Santa Cruz,NaN,NaN,13,023
13,Southern Outposts,13,449,178,13066327,3826426,18583,140009,4454,90,124,148,87,42,37,40,34,16,194,406,233,135,9,8,22,0,302,26,10,22,0,20,69,85,333,226,23,3,21,0,15,45,65,1379,1056,72,6,35,0,46,160,297,20392430,24930529,864,651,44,5,1,0,50,38,91,1192,954,142,0,37,35,121,423,240,91,174,2,0,0,320,254,37,1,442,368,68,262,187,41,202,148,38,11,1,0,36,38,1,0,12,1,1,25,16,7,3,30,7,194,4,181,21,376,216,19,443,72,178,93,78,0,0,0,0,0,0,0,0,0,87,1,7,3,17,35,0,2,0,0,0,0,0,0,0,1,0,0,0,0,224,0,0,224,233,0,166,20,0,0,38,0,9,350,152,174,99,38,56,73,0,5,0,14006992,19,131,19,128,19,131,0,125,22,19,128,37,233,204,56,210,54,2,92,159,144,102,0,0,0,0,0,21,103,103,21,105,19,105,19,105,19,117,13,102,22,0,0,133,25,124,28,13,7,110,44,42,121,28,88,4,14,94,16,27,0,95,33,91,0,33,91,0,21,100,4,44,164,0,59,205,70,194,Southern Outposts,21141,26029,149964,027,Yuma County,Yuma,NaN,NaN,13,027
